"날짜","종가","시가","고가","저가","거래량","변동 %"
"2025- 10- 03","38.23","39.47","40.06","37.62","69.25M","-2.18%"
"2025- 10- 02","39.08","38.96","39.32","38.14","68.83M","6.02%"
"2025- 10- 01","36.86","34.18","36.98","33.98","67.09M","5.80%"
"2025- 09- 30","34.84","34.06","34.96","33.57","60.70M","2.41%"
"2025- 09- 29","34.02","35.03","35.49","33.99","56.59M","0.00%"
"2025- 09- 26","34.02","33.93","34.23","32.83","60.94M","0.50%"
"2025- 09- 25","33.85","32.44","34.06","31.36","79.97M","-1.02%"
"2025- 09- 24","34.20","33.96","34.39","32.81","58.37M","-0.29%"
"2025- 09- 23","34.30","34.70","35.30","33.67","63.66M","-0.38%"
"2025- 09- 22","34.43","33.19","34.75","33.19","62.95M","4.27%"
"2025- 09- 19","33.02","33.56","33.60","32.12","66.11M","-1.84%"
"2025- 09- 18","33.64","32.76","34.14","32.43","104.51M","10.40%"
"2025- 09- 17","30.47","30.28","31.25","29.16","80.48M","-0.03%"
"2025- 09- 16","30.48","30.33","30.65","29.79","54.15M","1.60%"
"2025- 09- 15","30.00","29.14","30.03","28.92","61.27M","2.39%"
"2025- 09- 12","29.30","29.37","29.55","28.79","52.50M","0.45%"
"2025- 09- 11","29.17","29.06","29.61","28.97","69.92M","1.99%"
"2025- 09- 10","28.60","28.48","28.83","28.07","86.72M","5.22%"
"2025- 09- 09","27.18","27.17","27.37","26.57","55.88M","0.37%"
"2025- 09- 08","27.08","26.96","27.43","26.68","72.34M","2.38%"
"2025- 09- 05","26.45","26.82","26.97","25.60","110.75M","3.12%"
"2025- 09- 04","25.65","24.41","25.73","23.98","81.64M","2.97%"
"2025- 09- 03","24.91","25.41","25.41","24.12","79.48M","-1.35%"
"2025- 09- 02","25.25","24.08","25.27","23.80","101.91M","-3.03%"
"2025- 08- 29","26.04","27.32","27.35","25.67","108.41M","-8.73%"
"2025- 08- 28","28.53","28.41","29.11","27.96","74.47M","1.24%"
"2025- 08- 27","28.18","27.61","28.23","27.28","61.38M","0.86%"
"2025- 08- 26","27.94","27.53","28.22","27.52","57.54M","2.34%"
"2025- 08- 25","27.30","27.35","27.58","26.81","55.02M","-0.55%"
"2025- 08- 22","27.45","25.56","28.32","25.33","117.14M","8.28%"
"2025- 08- 21","25.35","25.40","25.90","24.91","67.87M","-1.74%"
"2025- 08- 20","25.80","26.11","26.11","23.66","117.64M","-1.68%"
"2025- 08- 19","26.24","27.57","27.86","26.10","75.60M","-4.69%"
"2025- 08- 18","27.53","27.10","27.65","27.03","50.31M","0.58%"
"2025- 08- 15","27.37","28.71","28.71","27.07","93.66M","-6.97%"
"2025- 08- 14","29.42","28.12","29.66","27.95","84.29M","0.51%"
"2025- 08- 13","29.27","28.65","29.33","28.31","89.50M","4.54%"
"2025- 08- 12","28.00","26.21","28.08","25.68","125.91M","9.33%"
"2025- 08- 11","25.61","26.03","26.89","25.45","75.94M","-0.39%"
"2025- 08- 08","25.71","25.16","25.83","24.90","71.39M","2.84%"
"2025- 08- 07","25.00","25.48","25.88","24.53","117.23M","4.21%"
"2025- 08- 06","23.99","23.84","24.12","22.95","103.45M","-2.16%"
"2025- 08- 05","24.52","25.42","25.68","23.61","99.73M","-1.92%"
"2025- 08- 04","25.00","24.59","25.18","24.24","85.96M","3.82%"
"2025- 08- 01","24.08","23.58","24.83","22.57","132.67M","-3.60%"
"2025- 07- 31","24.98","26.70","26.74","24.20","133.41M","-9.53%"
"2025- 07- 30","27.61","27.75","28.13","26.93","96.77M","2.15%"
"2025- 07- 29","27.03","27.41","28.16","26.50","101.71M","0.56%"
"2025- 07- 28","26.88","26.38","26.99","26.34","88.11M","5.00%"
"2025- 07- 25","25.60","25.17","25.62","24.83","68.04M","-0.08%"
"2025- 07- 24","25.62","25.66","25.79","24.95","77.50M","-0.62%"
"2025- 07- 23","25.78","25.65","25.91","24.84","105.64M","-2.05%"
"2025- 07- 22","26.32","27.12","27.28","25.34","118.87M","-4.29%"
"2025- 07- 21","27.50","27.56","28.50","27.44","79.86M","0.62%"
"2025- 07- 18","27.33","27.66","27.90","26.75","68.27M","0.04%"
"2025- 07- 17","27.32","26.96","27.51","26.42","85.33M","1.07%"
"2025- 07- 16","27.03","26.60","27.05","24.91","125.70M","-0.95%"
"2025- 07- 15","27.29","28.05","28.46","27.20","108.93M","2.98%"
"2025- 07- 14","26.50","26.64","26.77","25.32","99.67M","-2.89%"
"2025- 07- 11","27.29","26.85","27.54","26.55","71.86M","-0.29%"
"2025- 07- 10","27.37","27.39","27.73","26.66","87.60M","2.70%"
"2025- 07- 09","26.65","26.63","27.41","25.89","86.82M","1.06%"
"2025- 07- 08","26.37","25.63","27.03","25.36","90.46M","5.61%"
"2025- 07- 07","24.97","25.73","26.05","24.62","93.30M","-5.52%"
"2025- 07- 03","26.43","26.40","26.72","26.23","62.70M","1.46%"
"2025- 07- 02","26.05","24.51","26.39","24.45","107.16M","5.42%"
"2025- 07- 01","24.71","24.38","25.17","23.58","107.28M","-1.59%"
"2025- 06- 30","25.11","25.49","25.50","24.68","78.04M","0.00%"
"2025- 06- 27","25.11","25.21","25.84","24.28","113.66M","-0.36%"
"2025- 06- 26","25.20","25.18","25.35","24.59","92.38M","2.52%"
"2025- 06- 25","24.58","24.40","24.60","23.87","107.62M","2.63%"
"2025- 06- 24","23.95","22.66","24.03","22.63","137.61M","10.98%"
"2025- 06- 23","21.58","21.18","21.98","20.28","125.14M","1.74%"
"2025- 06- 20","21.21","22.14","22.33","20.37","137.08M","-1.85%"
"2025- 06- 18","21.61","21.72","22.38","21.23","113.89M","0.89%"
"2025- 06- 17","21.42","21.61","22.53","21.34","122.38M","-2.19%"
"2025- 06- 16","21.90","20.83","22.22","20.79","121.97M","9.28%"
"2025- 06- 13","20.04","20.32","21.06","19.84","166.99M","-7.61%"
"2025- 06- 12","21.69","21.24","22.07","21.09","100.38M","0.23%"
"2025- 06- 11","21.64","22.36","22.59","20.99","160.40M","-1.14%"
"2025- 06- 10","21.89","20.84","22.10","20.69","142.81M","6.37%"
"2025- 06- 09","20.58","19.71","21.06","19.68","162.69M","7.30%"
"2025- 06- 06","19.18","19.40","19.95","19.15","114.40M","1.97%"
"2025- 06- 05","18.81","19.49","19.99","18.42","188.99M","-1.47%"
"2025- 06- 04","19.09","18.68","19.26","18.22","146.33M","4.32%"
"2025- 06- 03","18.30","16.93","18.38","16.58","158.64M","8.28%"
"2025- 06- 02","16.90","16.06","17.09","16.04","103.94M","4.51%"
"2025- 05- 30","16.17","16.90","16.90","15.24","194.06M","-5.99%"
"2025- 05- 29","17.20","18.18","18.21","16.90","181.71M","0.94%"
"2025- 05- 28","17.04","17.43","17.57","16.90","126.79M","-1.45%"
"2025- 05- 27","17.29","16.74","17.51","16.35","136.54M","9.92%"
"2025- 05- 23","15.73","15.21","16.00","15.10","179.06M","-4.72%"
"2025- 05- 22","16.51","16.97","17.43","16.48","144.98M","-2.88%"
"2025- 05- 21","17.00","17.56","18.59","16.65","149.96M","-5.40%"
"2025- 05- 20","17.97","17.62","18.00","17.44","84.25M","-0.50%"
"2025- 05- 19","18.06","17.15","18.21","17.09","123.63M","-1.79%"
"2025- 05- 16","18.39","18.53","18.60","17.76","113.07M","-0.43%"
"2025- 05- 15","18.47","18.32","18.91","17.82","141.29M","-1.96%"
"2025- 05- 14","18.84","18.97","19.37","18.43","179.34M","1.29%"
"2025- 05- 13","18.60","17.36","18.86","17.28","212.93M","8.58%"
"2025- 05- 12","17.13","16.89","17.47","16.50","263.81M","21.40%"
"2025- 05- 09","14.11","14.21","14.47","13.74","149.64M","3.29%"
"2025- 05- 08","13.66","13.84","14.34","13.38","203.28M","2.86%"
"2025- 05- 07","13.28","12.61","13.40","12.23","190.95M","5.06%"
"2025- 05- 06","12.64","12.33","12.95","12.12","158.55M","-3.14%"
"2025- 05- 05","13.05","12.93","13.41","12.87","127.57M","-1.81%"
"2025- 05- 02","13.29","12.89","13.69","12.89","223.41M","9.83%"
"2025- 05- 01","12.10","12.53","12.81","12.05","203.35M","-0.49%"
"2025- 04- 30","12.16","10.99","12.21","10.75","229.39M","2.53%"
"2025- 04- 29","11.86","11.81","12.27","11.62","184.05M","-3.50%"
"2025- 04- 28","12.29","12.16","12.53","11.45","203.47M","-0.41%"
"2025- 04- 25","12.34","11.63","12.59","11.51","274.44M","2.83%"
"2025- 04- 24","12.00","11.05","12.09","10.85","339.64M","16.62%"
"2025- 04- 23","10.29","10.58","10.90","10.10","368.46M","12.09%"
"2025- 04- 22","9.18","8.95","9.40","8.85","249.21M","5.40%"
"2025- 04- 21","8.71","8.67","8.74","8.15","255.32M","-5.33%"
"2025- 04- 17","9.20","9.55","9.55","8.90","233.66M","-1.50%"
"2025- 04- 16","9.34","9.13","9.75","8.33","362.44M","-11.89%"
"2025- 04- 15","10.60","10.60","11.02","10.41","230.00M","1.24%"
"2025- 04- 14","10.47","11.15","11.16","9.97","358.85M","2.35%"
"2025- 04- 11","10.23","9.35","10.39","8.91","412.97M","6.23%"
"2025- 04- 10","9.63","10.91","11.14","8.35","686.33M","-24.59%"
"2025- 04- 09","12.77","8.48","13.11","8.24","787.75M","54.79%"
"2025- 04- 08","8.25","10.41","10.84","7.60","488.74M","-9.84%"
"2025- 04- 07","9.15","7.88","10.98","7.22","723.47M","4.81%"
"2025- 04- 04","8.73","10.05","10.43","8.18","499.16M","-23.49%"
"2025- 04- 03","11.41","13.81","14.12","11.40","302.52M","-29.83%"
"2025- 04- 02","16.26","15.19","16.89","15.03","141.66M","1.94%"
"2025- 04- 01","15.95","15.73","15.99","14.82","106.09M","0.00%"
"2025- 03- 31","15.95","15.07","15.98","14.40","111.35M","-0.50%"
"2025- 03- 28","16.03","17.33","17.59","15.74","138.23M","-9.74%"
"2025- 03- 27","17.76","18.17","18.41","17.36","103.11M","-5.48%"
"2025- 03- 26","18.79","20.30","20.51","18.20","95.65M","-8.56%"
"2025- 03- 25","20.55","20.83","21.02","20.35","57.78M","-2.14%"
"2025- 03- 24","21.00","20.48","21.37","20.37","91.67M","8.92%"
"2025- 03- 21","19.28","18.82","19.49","18.37","84.35M","-3.26%"
"2025- 03- 20","19.93","19.61","20.57","19.59","80.38M","-2.21%"
"2025- 03- 19","20.38","19.89","21.37","19.46","83.25M","2.26%"
"2025- 03- 18","19.93","20.19","20.40","19.52","79.14M","-4.14%"
"2025- 03- 17","20.79","19.51","21.28","19.50","82.79M","5.00%"
"2025- 03- 14","19.80","19.06","19.93","18.99","99.72M","9.45%"
"2025- 03- 13","18.09","18.38","19.27","17.58","117.16M","-1.15%"
"2025- 03- 12","18.30","18.54","19.11","17.90","137.65M","5.11%"
"2025- 03- 11","17.41","18.05","18.50","16.51","161.27M","-3.22%"
"2025- 03- 10","17.99","19.34","19.80","17.10","169.22M","-13.84%"
"2025- 03- 07","20.88","19.50","21.09","18.75","139.35M","8.58%"
"2025- 03- 06","19.23","19.71","21.02","19.01","164.28M","-12.39%"
"2025- 03- 05","21.95","21.25","22.16","20.12","117.70M","6.30%"
"2025- 03- 04","20.65","20.28","22.26","19.00","154.12M","0.68%"
"2025- 03- 03","20.51","23.72","23.73","19.71","141.82M","-9.77%"
"2025- 02- 28","22.73","21.80","23.22","21.02","110.94M","4.51%"
"2025- 02- 27","21.75","26.78","26.90","21.73","144.84M","-17.27%"
"2025- 02- 26","26.29","25.99","27.00","25.52","75.87M","4.87%"
"2025- 02- 25","25.07","26.66","26.92","24.82","90.91M","-6.32%"
"2025- 02- 24","26.76","29.16","29.26","26.66","63.72M","-7.12%"
"2025- 02- 21","28.81","31.91","31.96","28.40","61.97M","-9.12%"
"2025- 02- 20","31.70","32.06","32.64","30.70","50.90M","0.73%"
"2025- 02- 19","31.47","30.19","31.89","29.76","58.41M","4.93%"
"2025- 02- 18","29.99","29.20","30.23","28.71","60.22M","5.04%"
"2025- 02- 14","28.55","28.49","28.82","28.10","43.09M","0.28%"
"2025- 02- 13","28.47","27.49","28.55","27.40","61.03M","3.38%"
"2025- 02- 12","27.54","26.18","27.54","25.95","58.00M","0.51%"
"2025- 02- 11","27.40","26.68","27.90","26.68","43.88M","0.18%"
"2025- 02- 10","27.35","26.92","27.55","26.90","53.33M","3.87%"
"2025- 02- 07","26.33","27.87","28.28","25.80","87.93M","-4.91%"
"2025- 02- 06","27.69","27.17","27.80","26.72","59.74M","-0.04%"
"2025- 02- 05","27.70","26.09","27.95","25.54","70.33M","5.52%"
"2025- 02- 04","26.25","25.34","26.60","25.20","60.52M","2.50%"
"2025- 02- 03","25.61","24.80","26.49","24.31","103.91M","-5.22%"
"2025- 01- 31","27.02","27.63","29.25","26.70","102.62M","-0.48%"
"2025- 01- 30","27.15","26.58","27.67","26.14","87.14M","5.72%"
"2025- 01- 29","25.68","26.11","26.30","24.85","94.14M","1.22%"
"2025- 01- 28","25.37","25.44","25.80","23.75","103.19M","1.24%"
"2025- 01- 27","25.06","27.66","28.08","23.84","198.43M","-23.25%"
"2025- 01- 24","32.65","34.94","34.94","32.31","60.11M","-6.50%"
"2025- 01- 23","34.92","33.44","34.92","33.01","44.90M","-0.65%"
"2025- 01- 22","35.15","34.69","36.15","34.41","57.71M","4.33%"
"2025- 01- 21","33.69","33.33","34.53","32.50","60.90M","3.69%"
"2025- 01- 17","32.49","32.03","32.71","31.48","69.69M","8.34%"
"2025- 01- 16","29.99","31.46","31.72","29.99","78.88M","0.17%"
"2025- 01- 15","29.94","29.65","30.46","29.30","69.46M","6.47%"
"2025- 01- 14","28.12","28.47","28.96","27.18","79.76M","0.97%"
"2025- 01- 13","27.85","26.44","27.87","26.25","68.29M","-0.75%"
"2025- 01- 10","28.06","29.06","29.09","27.44","85.40M","-7.02%"
"2025- 01- 08","30.18","30.80","31.01","29.18","69.52M","-3.11%"
"2025- 01- 07","31.15","33.57","33.73","30.60","79.21M","-4.12%"
"2025- 01- 06","32.49","31.81","33.63","31.81","95.16M","8.95%"
"2025- 01- 03","29.82","28.32","30.12","28.16","72.12M","7.77%"
"2025- 01- 02","27.67","28.13","29.05","27.03","81.00M","1.32%"
"2024- 12- 31","27.31","28.20","28.57","26.93","61.20M","-2.25%"
"2024- 12- 30","27.94","28.24","28.78","27.32","64.86M","-5.89%"
"2024- 12- 27","29.69","29.98","30.18","28.59","59.32M","-2.88%"
"2024- 12- 26","30.57","29.90","31.10","29.76","45.35M","0.30%"
"2024- 12- 24","30.48","30.26","30.57","29.66","39.96M","3.01%"
"2024- 12- 23","29.59","27.89","29.76","27.86","79.33M","8.39%"
"2024- 12- 20","27.30","25.82","28.37","25.59","108.08M","3.80%"
"2024- 12- 19","26.30","27.97","28.01","26.06","86.52M","-5.50%"
"2024- 12- 18","27.83","31.78","32.48","27.00","102.91M","-10.60%"
"2024- 12- 17","31.13","31.58","32.09","30.55","64.50M","-4.24%"
"2024- 12- 16","32.51","31.12","32.95","30.39","85.47M","5.90%"
"2024- 12- 13","30.70","30.37","31.31","29.49","103.69M","7.87%"
"2024- 12- 12","28.46","28.45","28.83","27.74","59.94M","-2.27%"
"2024- 12- 11","29.12","28.33","29.63","27.79","77.28M","7.61%"
"2024- 12- 10","27.06","29.43","29.53","26.56","77.68M","-7.42%"
"2024- 12- 09","29.23","29.07","30.32","28.61","54.96M","-1.28%"
"2024- 12- 06","29.61","29.20","29.86","28.90","49.15M","1.68%"
"2024- 12- 05","29.12","30.75","30.87","28.88","59.28M","-5.70%"
"2024- 12- 04","30.88","31.54","31.56","30.24","67.50M","3.87%"
"2024- 12- 03","29.73","29.58","30.28","29.40","59.73M","-1.56%"
"2024- 12- 02","30.20","28.56","30.80","28.46","89.39M","7.63%"
"2024- 11- 29","28.06","27.55","29.04","27.50","54.30M","4.00%"
"2024- 11- 27","26.98","27.68","27.75","25.58","84.24M","-4.09%"
"2024- 11- 26","28.13","30.04","30.25","27.46","73.20M","-4.09%"
"2024- 11- 25","29.33","29.58","30.10","28.74","70.54M","2.95%"
"2024- 11- 22","28.49","28.25","28.69","27.84","52.60M","0.00%"
"2024- 11- 21","28.49","28.05","28.92","26.47","106.01M","5.01%"
"2024- 11- 20","27.13","27.33","27.56","26.00","90.91M","-2.59%"
"2024- 11- 19","27.85","27.37","28.03","27.09","57.03M","0.65%"
"2024- 11- 18","27.67","26.70","27.83","26.30","70.74M","3.79%"
"2024- 11- 15","26.66","28.01","28.49","26.43","113.56M","-9.93%"
"2024- 11- 14","29.60","30.59","30.83","29.38","68.99M","-0.30%"
"2024- 11- 13","29.69","30.83","31.22","29.47","92.27M","-6.25%"
"2024- 11- 12","31.67","32.37","32.55","30.38","75.70M","-3.36%"
"2024- 11- 11","32.77","34.35","34.41","31.48","99.16M","-7.46%"
"2024- 11- 08","35.41","35.56","36.28","34.83","62.67M","-2.21%"
"2024- 11- 07","36.21","35.77","36.37","35.44","77.95M","6.13%"
"2024- 11- 06","34.12","33.25","34.50","32.40","97.89M","8.73%"
"2024- 11- 05","31.38","30.36","31.49","30.25","63.18M","3.39%"
"2024- 11- 04","30.35","30.61","31.67","30.01","60.42M","-1.56%"
"2024- 11- 01","30.83","30.69","31.83","30.38","80.73M","2.46%"
"2024- 10- 31","30.09","33.01","33.02","29.23","135.44M","-11.53%"
"2024- 10- 30","34.01","34.97","35.69","33.91","89.44M","-10.45%"
"2024- 10- 29","37.98","35.46","38.44","34.94","72.29M","7.44%"
"2024- 10- 28","35.35","35.30","36.09","34.75","51.66M","0.20%"
"2024- 10- 25","35.28","35.19","36.87","35.17","82.30M","2.89%"
"2024- 10- 24","34.29","34.58","34.74","33.53","60.13M","1.45%"
"2024- 10- 23","33.80","34.41","34.88","32.29","81.66M","-2.57%"
"2024- 10- 22","34.69","34.40","35.03","33.85","51.49M","-1.14%"
"2024- 10- 21","35.09","34.84","35.38","33.73","59.12M","-0.51%"
"2024- 10- 18","35.27","36.25","36.33","34.85","56.70M","0.17%"
"2024- 10- 17","35.21","37.17","37.36","35.21","97.55M","2.18%"
"2024- 10- 16","34.46","35.75","35.75","34.00","70.23M","-0.03%"
"2024- 10- 15","34.47","40.49","41.19","33.64","131.66M","-15.56%"
"2024- 10- 14","40.82","39.44","41.06","39.35","69.66M","5.56%"
"2024- 10- 11","38.67","36.93","39.05","36.86","58.44M","2.22%"
"2024- 10- 10","37.83","37.10","38.42","36.36","80.00M","-2.02%"
"2024- 10- 09","38.61","37.29","38.76","36.53","67.18M","3.07%"
"2024- 10- 08","37.46","36.42","37.83","35.66","66.63M","2.88%"
"2024- 10- 07","36.41","35.92","37.24","35.56","73.15M","-0.74%"
"2024- 10- 04","36.68","37.31","37.53","35.45","101.13M","4.17%"
"2024- 10- 03","35.21","34.07","36.61","33.98","86.86M","0.72%"
"2024- 10- 02","34.96","33.85","36.05","33.16","81.73M","3.34%"
"2024- 10- 01","33.83","36.59","36.99","32.74","124.93M","-7.77%"
"2024- 09- 30","36.68","36.25","37.41","35.05","74.67M","-2.60%"
"2024- 09- 27","37.66","40.00","40.01","37.10","85.25M","-5.02%"
"2024- 09- 26","39.65","40.20","40.51","36.71","138.17M","10.94%"
"2024- 09- 25","35.74","34.71","36.46","34.65","73.59M","1.91%"
"2024- 09- 24","35.07","34.84","35.70","33.58","83.37M","3.39%"
"2024- 09- 23","33.92","33.97","34.38","33.19","59.73M","1.10%"
"2024- 09- 20","33.55","34.05","34.40","32.04","108.59M","-4.47%"
"2024- 09- 19","35.12","34.68","36.44","33.88","123.98M","12.78%"
"2024- 09- 18","31.14","32.54","34.00","31.05","113.74M","-3.17%"
"2024- 09- 17","32.16","33.31","33.56","31.36","86.91M","0.00%"
"2024- 09- 16","32.16","32.03","32.64","30.83","79.67M","-3.80%"
"2024- 09- 13","33.43","32.52","33.72","32.36","78.15M","5.09%"
"2024- 09- 12","31.81","31.75","32.69","30.35","99.27M","-1.27%"
"2024- 09- 11","32.22","28.89","32.42","27.08","143.14M","13.65%"
"2024- 09- 10","28.35","27.54","28.39","26.24","81.56M","3.35%"
"2024- 09- 09","27.43","27.18","27.73","26.15","84.48M","5.66%"
"2024- 09- 06","25.96","29.11","29.17","25.50","156.15M","-12.74%"
"2024- 09- 05","29.75","29.05","31.20","28.83","100.08M","-1.82%"
"2024- 09- 04","30.30","29.07","31.69","28.73","108.76M","0.76%"
"2024- 09- 03","30.07","36.80","36.81","29.40","140.08M","-22.48%"
"2024- 08- 30","38.79","38.68","39.22","37.06","85.28M","7.18%"
"2024- 08- 29","36.19","37.06","38.93","35.63","97.33M","-1.12%"
"2024- 08- 28","36.60","38.09","38.86","35.29","102.00M","-4.91%"
"2024- 08- 27","38.49","36.51","38.97","35.52","74.03M","3.00%"
"2024- 08- 26","37.37","39.75","40.29","36.91","86.60M","-7.50%"
"2024- 08- 23","40.40","39.16","41.21","38.59","87.13M","7.70%"
"2024- 08- 22","37.51","42.51","42.88","37.11","107.89M","-10.11%"
"2024- 08- 21","41.73","40.75","42.36","40.33","83.61M","4.09%"
"2024- 08- 20","40.09","41.05","41.92","39.10","83.65M","-3.63%"
"2024- 08- 19","41.60","39.28","41.75","37.89","77.68M","4.71%"
"2024- 08- 16","39.73","38.79","40.23","38.07","82.37M","-0.48%"
"2024- 08- 15","39.92","37.35","40.47","36.86","107.52M","13.89%"
"2024- 08- 14","35.05","36.18","36.64","33.27","112.42M","-0.65%"
"2024- 08- 13","35.28","32.66","35.43","32.19","103.38M","12.32%"
"2024- 08- 12","31.41","31.10","32.59","30.23","89.14M","1.29%"
"2024- 08- 09","31.01","30.71","31.79","29.58","96.95M","-1.43%"
"2024- 08- 08","31.46","28.57","31.59","26.87","149.99M","19.98%"
"2024- 08- 07","26.22","31.32","31.94","25.94","146.26M","-8.26%"
"2024- 08- 06","28.58","28.60","30.80","27.17","137.31M","2.47%"
"2024- 08- 05","27.89","23.52","30.15","23.50","220.04M","-4.94%"
"2024- 08- 02","29.34","30.56","31.59","28.14","198.23M","-16.17%"
"2024- 08- 01","35.00","42.05","43.42","33.42","163.86M","-21.15%"
"2024- 07- 31","44.39","42.30","44.76","41.42","96.88M","19.20%"
"2024- 07- 30","37.24","42.38","42.67","36.78","108.60M","-10.93%"
"2024- 07- 29","41.81","43.37","45.00","41.26","80.79M","-0.26%"
"2024- 07- 26","41.92","42.24","43.00","40.71","82.76M","5.38%"
"2024- 07- 25","39.78","41.51","43.70","37.39","143.33M","-7.27%"
"2024- 07- 24","42.90","48.43","48.79","42.25","90.54M","-15.10%"
"2024- 07- 23","50.53","50.50","52.07","50.00","50.18M","-4.53%"
"2024- 07- 22","52.93","50.05","52.95","48.81","73.68M","12.62%"
"2024- 07- 19","47.00","51.78","52.37","46.75","75.97M","-9.02%"
"2024- 07- 18","51.66","54.16","54.17","49.12","94.17M","0.21%"
"2024- 07- 17","51.55","58.60","59.30","51.22","99.43M","-21.06%"
"2024- 07- 16","65.30","65.02","65.59","62.23","39.85M","1.81%"
"2024- 07- 15","64.14","64.94","66.76","63.05","48.23M","0.31%"
"2024- 07- 12","63.94","62.84","67.30","61.65","51.05M","3.15%"
"2024- 07- 11","61.99","70.01","70.08","61.22","75.37M","-9.62%"
"2024- 07- 10","68.59","65.89","69.00","65.01","48.28M","6.75%"
"2024- 07- 09","64.25","65.13","66.14","62.42","41.95M","-0.09%"
"2024- 07- 08","64.31","62.26","64.50","62.20","42.86M","5.76%"
"2024- 07- 05","60.81","61.86","62.38","59.79","38.40M","0.70%"
"2024- 07- 03","60.39","58.10","61.51","57.18","40.24M","4.84%"
"2024- 07- 02","57.60","54.36","57.75","54.28","45.01M","4.05%"
"2024- 07- 01","55.36","55.36","55.55","52.25","43.34M","0.00%"
"2024- 06- 28","55.36","54.87","58.58","54.08","55.59M","2.90%"
"2024- 06- 27","53.80","54.33","55.58","52.82","35.42M","-1.79%"
"2024- 06- 26","54.78","55.16","56.22","52.85","41.09M","-0.94%"
"2024- 06- 25","55.30","54.23","55.45","52.35","44.27M","3.91%"
"2024- 06- 24","53.22","56.45","57.49","53.03","54.33M","-8.56%"
"2024- 06- 21","58.20","58.42","60.18","56.03","50.36M","-3.03%"
"2024- 06- 20","60.02","65.52","65.83","58.79","60.85M","-8.00%"
"2024- 06- 18","65.24","63.42","66.19","63.10","47.07M","4.10%"
"2024- 06- 17","62.67","61.00","63.15","58.95","54.20M","4.28%"
"2024- 06- 14","60.10","58.95","60.55","58.35","39.11M","-1.25%"
"2024- 06- 13","60.86","60.07","61.49","58.30","45.66M","3.64%"
"2024- 06- 12","58.72","57.24","59.45","56.81","73.76M","8.40%"
"2024- 06- 11","54.17","53.38","54.48","51.70","37.70M","0.41%"
"2024- 06- 10","53.95","50.52","54.58","50.42","43.86M","4.01%"
"2024- 06- 07","51.87","52.23","52.90","50.81","50.25M","-1.22%"
"2024- 06- 06","52.51","53.79","53.79","51.23","43.95M","-1.89%"
"2024- 06- 05","53.52","50.03","53.87","49.56","66.56M","12.46%"
"2024- 06- 04","47.59","48.46","48.65","46.43","46.69M","-2.06%"
"2024- 06- 03","48.59","50.81","50.93","46.12","53.13M","0.00%"
"2024- 05- 31","48.59","50.30","50.72","44.38","72.52M","-2.82%"
"2024- 05- 30","50.00","50.84","51.34","48.98","38.61M","-1.92%"
"2024- 05- 29","50.98","51.15","51.92","50.65","42.97M","-5.66%"
"2024- 05- 28","54.04","53.34","54.89","51.75","50.66M","5.05%"
"2024- 05- 24","51.44","50.02","52.07","49.35","48.48M","5.39%"
"2024- 05- 23","48.81","53.15","53.20","47.55","81.18M","-1.15%"
"2024- 05- 22","49.38","49.25","50.00","48.10","55.49M","2.92%"
"2024- 05- 21","47.98","46.55","48.19","46.41","36.44M","-0.56%"
"2024- 05- 20","48.25","45.96","49.30","45.81","55.10M","6.28%"
"2024- 05- 17","45.40","47.01","47.38","44.33","40.97M","-1.86%"
"2024- 05- 16","46.26","46.96","48.03","46.21","46.33M","-1.57%"
"2024- 05- 15","47.00","44.67","47.07","43.99","58.06M","8.77%"
"2024- 05- 14","43.21","41.18","43.44","41.05","41.58M","4.70%"
"2024- 05- 13","41.27","41.60","42.07","41.08","30.57M","0.58%"
"2024- 05- 10","41.03","41.15","42.24","40.51","47.05M","2.68%"
"2024- 05- 09","39.96","40.40","40.62","39.31","39.13M","-1.11%"
"2024- 05- 08","40.41","39.06","40.50","38.96","53.74M","0.12%"
"2024- 05- 07","40.36","41.53","41.91","40.28","51.51M","-2.28%"
"2024- 05- 06","41.30","39.97","41.38","39.48","48.41M","5.98%"
"2024- 05- 03","38.97","38.75","39.58","38.10","58.60M","6.91%"
"2024- 05- 02","36.45","35.98","36.91","34.12","56.65M","6.05%"
"2024- 05- 01","34.37","36.08","38.06","33.65","97.29M","-9.98%"
"2024- 04- 30","38.18","40.08","41.49","38.12","56.30M","-5.98%"
"2024- 04- 29","40.61","39.60","40.83","38.71","51.12M","2.04%"
"2024- 04- 26","39.80","37.32","40.29","37.01","59.04M","6.39%"
"2024- 04- 25","37.41","35.28","38.18","34.64","80.68M","5.41%"
"2024- 04- 24","35.49","36.91","37.48","34.60","80.37M","4.05%"
"2024- 04- 23","34.11","32.82","34.66","32.59","66.51M","6.36%"
"2024- 04- 22","32.07","31.58","32.85","30.50","65.10M","4.16%"
"2024- 04- 19","30.79","33.96","34.58","30.20","105.24M","-11.80%"
"2024- 04- 18","34.91","36.04","36.80","34.53","91.53M","-5.80%"
"2024- 04- 17","37.06","40.60","40.85","36.64","85.43M","-8.58%"
"2024- 04- 16","40.54","39.75","41.17","39.21","62.70M","1.91%"
"2024- 04- 15","39.78","42.99","43.40","39.10","62.08M","-4.17%"
"2024- 04- 12","41.51","43.32","43.55","41.03","79.98M","-9.37%"
"2024- 04- 11","45.80","43.71","46.05","42.66","64.70M","6.29%"
"2024- 04- 10","43.09","43.11","44.77","42.19","74.89M","-5.07%"
"2024- 04- 09","45.39","45.37","45.85","43.17","66.45M","3.16%"
"2024- 04- 08","44.00","44.50","45.19","43.50","42.78M","0.87%"
"2024- 04- 05","43.62","42.70","44.53","41.94","71.15M","2.95%"
"2024- 04- 04","42.37","48.13","48.49","41.98","82.72M","-8.27%"
"2024- 04- 03","46.19","44.29","47.18","44.21","54.16M","0.68%"
"2024- 04- 02","45.88","45.83","46.15","44.38","57.41M","-4.40%"
"2024- 04- 01","47.99","46.73","49.99","46.72","63.27M","3.14%"
"2024- 03- 28","46.53","46.31","47.30","46.01","45.69M","0.06%"
"2024- 03- 27","46.50","46.23","46.54","43.91","56.64M","3.26%"
"2024- 03- 26","45.03","46.82","47.37","44.88","55.70M","-1.87%"
"2024- 03- 25","45.89","44.50","47.17","44.14","54.92M","-1.16%"
"2024- 03- 22","46.43","45.68","47.50","45.25","57.15M","0.26%"
"2024- 03- 21","46.31","47.62","48.76","46.06","82.50M","6.71%"
"2024- 03- 20","43.40","41.59","43.80","40.62","79.40M","4.78%"
"2024- 03- 19","41.42","40.71","41.95","38.94","83.45M","-2.63%"
"2024- 03- 18","42.54","44.70","45.26","42.33","65.14M","-0.47%"
"2024- 03- 15","42.74","41.81","44.14","41.62","72.50M","-1.81%"
"2024- 03- 14","43.53","45.50","46.34","42.18","77.82M","-5.53%"
"2024- 03- 13","46.08","47.90","48.04","45.09","79.51M","-7.06%"
"2024- 03- 12","49.58","48.44","49.69","46.00","89.51M","6.01%"
"2024- 03- 11","46.77","46.94","47.79","45.10","76.46M","-4.45%"
"2024- 03- 08","48.95","55.94","56.99","48.80","129.04M","-11.51%"
"2024- 03- 07","55.32","52.15","56.06","52.10","91.59M","10.16%"
"2024- 03- 06","50.22","49.76","51.85","48.72","91.76M","7.22%"
"2024- 03- 05","46.84","48.01","49.00","45.26","76.84M","-5.89%"
"2024- 03- 04","49.77","50.00","51.41","49.00","81.26M","2.98%"
"2024- 03- 01","48.33","44.40","48.95","44.24","90.62M","12.82%"
"2024- 02- 29","42.84","41.21","43.13","40.77","67.43M","7.64%"
"2024- 02- 28","39.80","39.74","40.50","39.15","46.28M","-3.19%"
"2024- 02- 27","41.11","41.81","42.16","40.78","48.13M","-0.24%"
"2024- 02- 26","41.21","41.22","41.80","40.40","49.48M","2.59%"
"2024- 02- 23","40.17","42.14","42.68","39.41","68.43M","-3.02%"
"2024- 02- 22","41.42","40.45","42.05","39.87","96.87M","14.61%"
"2024- 02- 21","36.14","35.11","36.15","34.58","65.48M","-0.77%"
"2024- 02- 20","36.42","37.24","37.67","34.66","80.98M","-4.98%"
"2024- 02- 16","38.33","39.84","40.78","37.97","77.15M","-1.99%"
"2024- 02- 15","39.11","40.00","40.12","38.50","60.94M","-0.03%"
"2024- 02- 14","39.12","38.14","39.26","37.61","62.42M","6.19%"
"2024- 02- 13","36.84","35.71","37.96","35.16","86.49M","-5.90%"
"2024- 02- 12","39.15","39.41","41.33","38.65","72.21M","-0.43%"
"2024- 02- 09","39.32","37.86","39.54","37.17","65.86M","5.84%"
"2024- 02- 08","37.15","35.74","37.95","35.64","59.52M","5.06%"
"2024- 02- 07","35.36","34.44","35.49","33.46","63.26M","4.52%"
"2024- 02- 06","33.83","35.37","35.48","32.66","62.83M","-3.62%"
"2024- 02- 05","35.10","34.55","35.60","33.42","65.90M","4.31%"
"2024- 02- 02","33.65","32.35","33.92","32.17","67.83M","3.70%"
"2024- 02- 01","32.45","32.28","32.72","31.20","60.67M","1.09%"
"2024- 01- 31","32.10","31.92","33.87","31.14","85.89M","-4.26%"
"2024- 01- 30","33.53","34.56","35.13","33.05","55.77M","-4.31%"
"2024- 01- 29","35.04","34.23","35.13","33.51","54.40M","3.03%"
"2024- 01- 26","34.01","34.87","35.55","33.70","70.93M","-8.38%"
"2024- 01- 25","37.12","39.50","39.53","36.52","82.85M","-0.80%"
"2024- 01- 24","37.42","37.10","38.92","36.26","97.25M","4.18%"
"2024- 01- 23","35.92","35.23","36.01","34.22","50.85M","1.87%"
"2024- 01- 22","35.26","35.68","36.57","34.22","73.32M","1.15%"
"2024- 01- 19","34.86","32.42","34.99","31.90","91.85M","11.77%"
"2024- 01- 18","31.19","30.72","31.31","29.81","99.59M","9.71%"
"2024- 01- 17","28.43","28.37","28.55","26.96","77.08M","-2.60%"
"2024- 01- 16","29.19","28.15","29.83","27.70","77.71M","3.88%"
"2024- 01- 12","28.10","28.58","28.98","27.61","48.99M","-1.26%"
"2024- 01- 11","28.46","28.25","29.04","26.78","77.55M","1.03%"
"2024- 01- 10","28.17","28.64","28.68","27.09","62.53M","-0.88%"
"2024- 01- 09","28.42","27.50","29.14","27.35","67.62M","-0.04%"
"2024- 01- 08","28.43","26.49","28.67","26.43","73.21M","9.64%"
"2024- 01- 05","25.93","25.65","26.62","25.40","73.95M","1.37%"
"2024- 01- 04","25.58","24.96","26.33","24.80","75.07M","-2.55%"
"2024- 01- 03","26.25","26.59","27.05","25.88","62.31M","-6.38%"
"2024- 01- 02","28.04","29.89","29.90","27.25","79.76M","-10.70%"
"2023- 12- 29","31.40","32.17","32.35","30.89","53.30M","-2.55%"
"2023- 12- 28","32.22","32.59","32.78","32.05","34.88M","-0.40%"
"2023- 12- 27","32.35","32.56","32.74","31.84","47.99M","0.59%"
"2023- 12- 26","32.16","30.93","32.53","30.91","48.62M","5.41%"
"2023- 12- 22","30.51","30.62","31.08","29.88","42.66M","0.83%"
"2023- 12- 21","30.26","29.75","30.41","29.35","62.02M","7.69%"
"2023- 12- 20","28.10","30.20","30.62","28.05","59.56M","-8.62%"
"2023- 12- 19","30.75","30.33","30.98","30.29","39.36M","1.52%"
"2023- 12- 18","30.29","30.56","30.71","29.46","46.10M","-0.92%"
"2023- 12- 15","30.57","30.46","31.59","30.35","66.92M","1.26%"
"2023- 12- 14","30.19","28.62","30.49","28.61","86.50M","8.13%"
"2023- 12- 13","27.92","26.70","28.40","26.42","80.99M","4.77%"
"2023- 12- 12","26.65","25.75","26.72","25.60","55.75M","2.07%"
"2023- 12- 11","26.11","24.39","26.38","24.31","80.77M","10.17%"
"2023- 12- 08","23.70","23.01","24.04","22.95","69.29M","2.24%"
"2023- 12- 07","23.18","22.02","23.40","21.82","77.34M","7.96%"
"2023- 12- 06","21.47","22.83","22.89","21.41","60.12M","-2.10%"
"2023- 12- 05","21.93","21.68","22.08","21.34","51.98M","-1.70%"
"2023- 12- 04","22.31","22.36","22.44","21.29","55.77M","-3.29%"
"2023- 12- 01","23.07","22.38","23.20","21.84","54.91M","1.14%"
"2023- 11- 30","22.81","23.45","23.47","22.19","58.91M","-1.77%"
"2023- 11- 29","23.22","23.46","24.30","23.14","69.26M","3.02%"
"2023- 11- 28","22.54","22.50","22.89","21.97","53.55M","-1.87%"
"2023- 11- 27","22.97","22.79","23.54","22.60","40.67M","-0.52%"
"2023- 11- 24","23.09","22.97","23.15","22.75","21.93M","0.39%"
"2023- 11- 22","23.00","23.23","24.11","22.82","65.04M","0.70%"
"2023- 11- 21","22.84","23.57","23.60","22.45","63.30M","-5.54%"
"2023- 11- 20","24.18","23.09","24.42","23.05","57.23M","4.54%"
"2023- 11- 17","23.13","22.47","23.29","22.37","54.24M","1.80%"
"2023- 11- 16","22.72","22.37","22.91","22.14","61.40M","0.40%"
"2023- 11- 15","22.63","22.61","23.18","22.17","78.03M","2.21%"
"2023- 11- 14","22.14","21.51","22.39","21.38","94.38M","10.59%"
"2023- 11- 13","20.02","20.11","20.20","19.58","57.46M","-2.82%"
"2023- 11- 10","20.60","19.06","20.78","18.83","95.88M","12.02%"
"2023- 11- 09","18.39","19.04","19.70","18.28","75.78M","-1.50%"
"2023- 11- 08","18.67","18.66","18.96","18.28","50.27M","0.38%"
"2023- 11- 07","18.60","18.16","18.88","18.06","56.72M","1.92%"
"2023- 11- 06","18.25","18.45","18.64","17.73","52.67M","-0.71%"
"2023- 11- 03","18.38","17.60","18.76","17.50","88.07M","7.61%"
"2023- 11- 02","17.08","16.90","17.41","16.38","89.97M","7.08%"
"2023- 11- 01","15.95","14.95","16.02","14.93","100.04M","7.05%"
"2023- 10- 31","14.90","14.54","15.03","14.01","75.87M","2.55%"
"2023- 10- 30","14.53","14.82","15.11","14.02","104.35M","-3.77%"
"2023- 10- 27","15.10","15.30","15.57","14.93","91.51M","2.51%"
"2023- 10- 26","14.73","15.13","15.68","14.48","101.81M","-1.60%"
"2023- 10- 25","14.97","16.38","16.52","14.71","107.44M","-12.15%"
"2023- 10- 24","17.04","16.66","17.13","16.42","79.09M","3.97%"
"2023- 10- 23","16.39","16.35","17.26","15.83","89.59M","-1.50%"
"2023- 10- 20","16.64","17.42","17.79","16.57","83.69M","-4.53%"
"2023- 10- 19","17.43","18.76","18.93","17.23","115.93M","-4.65%"
"2023- 10- 18","18.28","18.37","18.79","17.98","81.41M","-5.28%"
"2023- 10- 17","19.30","18.63","19.76","17.91","90.22M","-2.57%"
"2023- 10- 16","19.81","19.13","20.00","19.10","65.69M","4.37%"
"2023- 10- 13","18.98","20.80","20.89","18.85","89.03M","-8.22%"
"2023- 10- 12","20.68","20.67","21.57","20.09","83.39M","0.83%"
"2023- 10- 11","20.51","20.31","20.68","19.82","62.66M","2.29%"
"2023- 10- 10","20.05","19.56","20.62","19.29","67.62M","3.46%"
"2023- 10- 09","19.38","18.89","19.53","18.45","62.65M","-0.46%"
"2023- 10- 06","19.47","18.02","19.79","17.66","92.81M","5.82%"
"2023- 10- 05","18.40","18.58","18.87","17.82","63.58M","-1.29%"